
	{
		"data" :
		[
			{
				"img" : "android.resource://com.example.garbagealarm/drawable/plastics",
				"day": "월요일",
				"comment": "플라스틱류"
			},
			{
				"img" : "android.resource://com.example.garbagealarm/drawable/paper",
				"day": "화요일",
				"comment": "종이류, 병류, 불연성 쓰레기(유리류, 연탄재, 자기류, 거울 등)"
			},
			{
				"img" : "android.resource://com.example.garbagealarm/drawable/cans",
				"day": "수요일",
				"comment": "캔, 고철류"
			},
			{
				"img" : "android.resource://com.example.garbagealarm/drawable/plastic_bag",
				"day": "목요일",
				"comment": "스티로폼, 비닐류(라면, 과자봉지, 비닐 등)"
			},
			{
				"img" : "android.resource://com.example.garbagealarm/drawable/plastics",
				"day": "금요일",
				"comment": "플라스틱류"
			},
			{
				"img" : "android.resource://com.example.garbagealarm/drawable/bottle",
				"day": "토요일",
				"comment": "종이류, 병류, 불연성 쓰레기(유리류, 연탄재, 자기류, 거울 등)"
			},
			{
				"img" : "android.resource://com.example.garbagealarm/drawable/plastics",
				"day": "일요일",
				"comment": "스티로폼, 플라스틱류, 비닐류"
			}
		]
	}
